animal_id,breed,age_years,lactation_number,days_in_milk,previous_mastitis_history,milk_conductivity_mS_cm,body_temperature_c,udder_surface_temperature_c,milk_yield_kg_day,ambient_temperature_c,relative_humidity_pct,hygiene_score_0_100,cmt_test,synthetic_risk_score_pct,mastitis_risk_category,farm_id,record_date,temperature_humidity_index,abnormal_behavior
10001,Ongole,4,1,265,0,4.18,38.32,34.52,14.54,26.8,56.0,55.5,Negative,6.7,No_Risk,F02,2026-08-31,74.78399999999999,0
10002,Tharparkar,3,3,254,0,3.66,37.82,33.54,6.72,31.9,58.8,77.4,Negative,1.0,No_Risk,F03,2026-08-31,82.21000000000001,0
10003,Krishna Valley,10,3,23,0,4.87,38.74,33.49,16.36,29.0,78.5,57.2,Negative,51.4,Moderate,F04,2026-08-31,81.061,1
10004,Umblachery,7,1,173,0,3.96,38.53,33.97,11.75,33.6,60.4,80.0,Negative,11.2,No_Risk,F05,2026-08-31,84.8768,0
10005,Kangayam,6,5,48,0,3.76,38.72,35.33,13.6,32.9,66.1,56.4,2+,49.9,Low,F06,2026-08-31,84.9485,0
10006,Hariana,4,1,128,1,3.62,39.41,34.68,14.9,26.7,76.4,83.2,3+,89.2,High,F07,2026-08-31,77.15719999999999,1
10007,Krishna Valley,9,2,117,0,4.06,38.59,32.5,13.42,32.3,64.7,73.7,Negative,2.2,No_Risk,F08,2026-08-31,83.82130000000001,0
10008,Rathi,3,1,234,0,3.74,38.42,33.78,10.17,31.4,75.6,98.2,Negative,3.5,No_Risk,F09,2026-08-31,84.372,0
10009,Ongole,6,3,94,0,5.19,38.2,35.11,13.8,21.0,49.5,67.8,Trace,35.2,Low,F10,2026-08-31,66.467,0
10010,Vechur,7,1,165,1,5.85,38.61,32.81,10.32,31.8,66.4,78.4,Trace,28.4,Low,F01,2026-08-31,83.39359999999999,0
10011,Red Sindhi,6,5,147,0,3.3,38.66,33.26,13.77,27.5,68.9,60.3,Negative,2.6,No_Risk,F02,2026-08-31,77.4259,0
10012,Ongole,3,4,61,0,3.37,38.62,34.41,14.1,25.9,68.3,67.7,Negative,18.1,No_Risk,F03,2026-08-31,74.97449999999999,0
10013,Kangayam,10,1,60,1,4.47,39.32,37.5,7.23,26.0,48.2,73.6,3+,99.0,High,F04,2026-08-31,72.7912,1
10014,Kangayam,10,5,53,1,4.12,38.89,33.5,12.88,28.5,82.4,49.1,2+,23.8,No_Risk,F05,2026-08-31,80.8184,0
10015,Hariana,8,5,36,0,4.24,38.55,33.08,9.95,30.7,57.7,50.7,Negative,4.4,No_Risk,F06,2026-08-31,80.3651,0
10016,Rathi,10,3,184,0,3.89,38.35,34.47,10.91,24.2,72.0,81.0,Negative,4.2,No_Risk,F07,2026-08-31,72.816,0
10017,Tharparkar,8,5,172,0,4.28,38.69,35.16,10.88,29.7,68.1,69.8,1+,35.5,Low,F08,2026-08-31,80.57929999999999,0
10018,Hariana,6,5,95,1,5.31,38.4,33.7,10.3,31.0,80.0,63.1,2+,72.8,Moderate,F09,2026-08-31,84.47999999999999,1
10019,Hariana,5,5,106,0,3.41,38.66,32.9,15.07,35.5,94.2,60.9,Negative,4.7,No_Risk,F10,2026-08-31,94.6762,0
10020,Red Sindhi,9,5,136,0,4.75,38.77,34.69,6.4,25.2,52.5,61.5,1+,27.3,Low,F01,2026-08-31,72.22999999999999,0
10021,Kankrej,9,2,46,1,4.18,38.64,34.69,5.33,27.8,60.2,73.7,Trace,30.4,Low,F02,2026-08-31,76.7068,0
10022,Rathi,6,2,153,0,5.5,38.38,35.62,4.07,29.9,70.3,78.7,1+,71.4,Moderate,F03,2026-08-31,81.2165,1
10023,Sahiwal,4,3,238,0,5.15,37.84,34.73,13.39,33.0,54.7,40.6,Negative,12.9,No_Risk,F04,2026-08-31,82.9742,0
10024,Hariana,4,1,187,0,4.03,39.0,35.46,8.18,27.9,77.4,93.2,1+,42.6,Low,F05,2026-08-31,79.169,0
10025,Hallikar,10,5,117,0,3.47,38.74,34.07,10.9,33.2,78.1,92.1,Negative,8.4,No_Risk,F06,2026-08-31,87.6428,0
10026,Dangi,9,1,256,0,3.35,38.75,36.25,10.16,22.2,74.7,37.0,1+,85.6,High,F07,2026-08-31,69.9866,1
10027,Kankrej,9,1,192,0,4.67,38.05,33.88,7.84,24.6,70.8,88.3,Negative,5.9,No_Risk,F08,2026-08-31,73.30160000000001,0
10028,Sahiwal,8,3,209,0,4.08,39.08,34.48,13.05,30.2,84.4,87.8,1+,66.1,Moderate,F09,2026-08-31,83.89519999999999,1
10029,Hallikar,5,5,141,0,4.7,38.44,35.65,10.12,24.1,54.1,72.0,1+,37.3,Low,F10,2026-08-31,70.9277,0
10030,Rathi,3,5,65,1,6.08,38.62,33.02,8.63,24.9,68.8,52.5,1+,64.7,Moderate,F01,2026-08-31,73.544,1
10031,Gir,4,4,83,0,3.6,38.23,32.72,11.2,27.2,59.1,87.2,Negative,1.0,No_Risk,F02,2026-08-31,75.7248,0
10032,Hallikar,9,1,149,1,3.85,38.09,34.3,12.66,31.7,78.7,68.4,Trace,13.4,No_Risk,F03,2026-08-31,85.3751,0
10033,Vechur,8,1,212,0,4.23,39.01,34.81,7.62,22.4,46.0,80.2,1+,49.5,Low,F04,2026-08-31,68.0,1
10034,Kankrej,7,2,200,1,5.39,39.17,34.96,12.58,29.6,67.7,100.0,2+,82.4,High,F05,2026-08-31,80.3704,1
10035,Krishna Valley,8,4,48,1,4.04,38.66,35.0,14.85,32.6,72.0,75.8,2+,71.5,Moderate,F06,2026-08-31,85.584,1
10036,Hallikar,4,2,168,0,4.12,38.36,33.47,6.22,28.3,56.6,58.2,Negative,1.7,No_Risk,F07,2026-08-31,76.9074,0
10037,Deoni,4,2,30,1,5.54,38.59,34.25,10.67,27.7,60.5,67.0,1+,43.9,Low,F08,2026-08-31,76.6065,0
10038,Gir,8,2,183,1,3.59,38.6,33.91,9.59,30.4,68.2,60.2,Trace,50.7,Moderate,F09,2026-08-31,81.632,1
10039,Kangayam,3,3,132,0,4.25,38.18,33.49,12.6,28.3,79.5,78.5,Negative,2.6,No_Risk,F10,2026-08-31,80.09049999999999,0
10040,Kangayam,6,3,206,0,3.75,38.5,34.15,6.85,33.9,55.6,59.9,Negative,12.1,No_Risk,F01,2026-08-31,84.362,0
10041,Umblachery,4,2,251,0,4.18,38.65,34.88,15.39,25.1,57.7,64.9,1+,64.4,Moderate,F02,2026-08-31,72.6539,1
10042,Vechur,8,4,246,1,5.11,39.08,36.65,5.4,28.8,81.5,52.7,3+,94.8,High,F03,2026-08-31,81.176,1
10043,Hallikar,9,1,117,1,4.79,38.72,34.71,9.77,29.7,64.7,70.0,1+,80.9,High,F04,2026-08-31,80.0591,1
10044,Hallikar,8,4,74,1,3.99,38.17,32.5,11.8,27.7,58.7,74.7,Negative,3.5,No_Risk,F05,2026-08-31,76.3671,0
10045,Umblachery,5,5,130,0,3.77,38.72,34.22,8.44,21.0,76.7,31.7,Trace,56.5,Moderate,F06,2026-08-31,68.2622,1
10046,Dangi,6,3,171,1,5.58,38.63,34.24,7.27,28.4,62.1,75.9,2+,55.8,Moderate,F07,2026-08-31,77.814,1
10047,Dangi,7,1,265,0,4.31,39.08,35.71,11.17,32.2,80.3,71.3,3+,95.3,High,F08,2026-08-31,86.45340000000002,1
10048,Umblachery,3,1,88,0,4.65,39.1,35.15,10.73,31.7,60.0,60.5,2+,71.6,Moderate,F09,2026-08-31,82.13999999999999,1
10049,Dangi,10,5,269,0,4.26,39.11,36.03,10.52,30.2,66.1,100.0,1+,82.1,High,F10,2026-08-31,81.0038,1
10050,Red Sindhi,7,5,55,0,4.63,38.4,34.51,13.08,25.2,79.3,86.4,Negative,14.0,No_Risk,F01,2026-08-31,75.1244,0
10051,Hallikar,6,2,258,0,3.84,39.3,36.64,9.32,30.4,65.3,55.6,3+,96.8,High,F02,2026-08-31,81.168,1
10052,Ongole,6,3,167,0,3.6,38.72,33.89,11.46,27.0,77.1,84.6,Negative,7.4,No_Risk,F03,2026-08-31,77.71459999999999,0
10053,Tharparkar,6,3,246,0,4.6,39.17,35.25,8.98,30.2,67.2,90.7,2+,46.9,Low,F04,2026-08-31,81.1776,1
10054,Deoni,7,4,263,0,4.83,38.42,34.86,7.92,29.4,91.8,74.0,1+,8.1,No_Risk,F05,2026-08-31,83.69,0
10055,Red Sindhi,9,2,220,0,3.51,38.5,33.74,9.65,25.6,86.8,77.4,Negative,5.5,No_Risk,F06,2026-08-31,76.6016,0
10056,Rathi,6,2,173,0,3.73,38.7,33.57,9.0,25.9,52.1,77.1,Negative,4.2,No_Risk,F07,2026-08-31,73.11149999999999,0
10057,Red Sindhi,8,2,92,0,3.99,38.65,33.7,9.15,30.2,74.3,40.7,Trace,23.9,No_Risk,F08,2026-08-31,82.29939999999999,0
10058,Ongole,7,2,220,0,5.15,39.04,34.28,13.68,28.2,58.2,69.2,2+,67.4,Moderate,F09,2026-08-31,76.9916,1
10059,Rathi,10,3,36,0,4.47,38.52,34.62,9.74,26.1,70.3,68.4,Trace,58.0,Moderate,F10,2026-08-31,75.5051,1
10060,Deoni,6,3,148,0,3.24,39.01,33.35,8.51,25.8,68.8,93.5,Negative,5.4,No_Risk,F01,2026-08-31,74.8832,1
10061,Ongole,8,2,236,0,4.04,38.86,33.27,10.58,27.9,55.3,77.0,Negative,5.5,No_Risk,F02,2026-08-31,76.18549999999999,0
10062,Sahiwal,9,4,80,0,3.94,38.53,35.69,10.81,34.5,80.7,67.5,1+,51.1,Moderate,F03,2026-08-31,90.2207,1
10063,Tharparkar,5,1,123,0,3.34,38.83,33.88,6.94,27.2,70.4,70.6,Negative,6.1,No_Risk,F04,2026-08-31,77.1712,0
10064,Deoni,9,1,61,0,4.03,38.43,34.36,9.6,29.0,64.6,87.4,Negative,7.5,No_Risk,F05,2026-08-31,79.0316,0
10065,Hallikar,10,4,44,1,4.46,39.54,34.69,9.48,29.4,62.7,69.2,2+,82.1,High,F06,2026-08-31,79.32499999999999,1
10066,Dangi,6,2,58,0,3.86,37.7,34.28,9.98,25.0,69.7,61.5,Negative,2.3,No_Risk,F07,2026-08-31,73.7882,0
10067,Sahiwal,10,3,150,0,3.84,38.84,33.9,12.68,22.8,72.9,67.9,Trace,13.0,No_Risk,F08,2026-08-31,70.7636,0
10068,Vechur,7,1,248,0,5.06,37.98,32.95,10.68,25.4,66.5,86.1,Negative,1.2,No_Risk,F09,2026-08-31,74.035,0
10069,Deoni,4,5,127,0,3.86,38.52,35.27,14.18,29.9,35.0,79.4,Negative,34.0,Low,F10,2026-08-31,75.745,0
10070,Vechur,6,5,191,0,4.13,38.57,35.15,10.47,29.3,68.2,72.7,Trace,15.1,No_Risk,F01,2026-08-31,80.0018,0
10071,Rathi,4,4,121,0,4.06,39.13,34.97,15.83,31.5,50.7,74.9,Trace,42.5,Low,F02,2026-08-31,80.2697,1
10072,Sahiwal,8,2,31,0,3.77,38.36,35.0,9.12,29.3,65.5,63.6,Negative,7.0,No_Risk,F03,2026-08-31,79.5995,0
10073,Tharparkar,5,1,120,0,4.15,39.06,36.44,8.19,28.6,51.1,69.1,2+,86.9,High,F04,2026-08-31,76.53620000000001,1
10074,Hallikar,3,2,63,0,4.14,38.19,34.8,12.14,26.9,51.0,62.1,Negative,3.8,No_Risk,F05,2026-08-31,74.295,0
10075,Umblachery,10,1,36,1,4.7,39.19,35.57,14.59,32.1,82.8,67.6,3+,97.9,High,F06,2026-08-31,86.7356,1
10076,Hallikar,9,4,76,1,4.09,38.55,34.36,6.36,25.8,64.2,92.2,Trace,51.5,Moderate,F07,2026-08-31,74.3588,1
10077,Ongole,5,4,31,0,3.97,38.63,34.72,9.91,25.1,63.2,55.8,2+,28.3,Low,F08,2026-08-31,73.2424,0
10078,Hallikar,6,5,99,1,5.14,38.6,33.91,8.36,31.0,73.8,61.7,2+,83.2,High,F09,2026-08-31,83.4508,1
10079,Krishna Valley,4,2,235,0,3.98,39.05,34.68,10.93,24.3,63.6,53.2,3+,66.3,Moderate,F10,2026-08-31,72.13640000000001,1
10080,Hariana,9,5,168,0,4.21,38.98,35.12,10.53,37.5,93.2,49.9,3+,94.4,High,F01,2026-08-31,97.9292,1
10081,Umblachery,4,2,100,0,4.21,38.76,33.93,14.54,29.3,64.7,69.2,1+,60.1,Moderate,F02,2026-08-31,79.4803,1
10082,Red Sindhi,7,5,234,0,4.37,38.2,33.91,10.17,30.2,72.4,62.7,1+,11.2,No_Risk,F03,2026-08-31,81.9992,0
10083,Dangi,4,3,217,1,5.01,38.47,34.2,14.43,26.2,79.7,98.4,Negative,10.5,No_Risk,F04,2026-08-31,76.7646,0
10084,Gir,7,3,219,0,3.99,38.24,35.12,9.55,27.9,87.2,67.8,Trace,31.0,Low,F05,2026-08-31,80.49199999999999,0
10085,Tharparkar,8,3,44,1,4.06,37.93,33.29,13.28,27.5,59.1,91.3,Negative,2.4,No_Risk,F06,2026-08-31,76.1421,0
10086,Sahiwal,9,3,108,0,3.31,39.04,35.49,11.19,27.1,63.0,86.5,Trace,38.9,Low,F07,2026-08-31,76.081,1
10087,Hariana,9,1,162,1,5.31,38.61,34.83,15.23,31.2,83.3,68.9,3+,85.8,High,F08,2026-08-31,85.3544,1
10088,Tharparkar,3,3,78,0,4.6,38.48,34.83,6.07,27.4,77.7,100.0,Negative,9.2,No_Risk,F09,2026-08-31,78.42099999999999,0
10089,Sahiwal,6,4,45,0,4.52,39.12,34.4,7.01,32.6,80.9,76.0,1+,76.1,High,F10,2026-08-31,87.2038,1
10090,Dangi,7,4,66,0,4.63,38.43,32.85,15.99,38.0,51.6,94.7,Negative,3.5,No_Risk,F01,2026-08-31,88.9776,0
10091,Kankrej,3,1,35,0,3.99,38.31,34.65,8.3,28.0,86.6,92.9,Trace,4.0,No_Risk,F02,2026-08-31,80.57759999999999,0
10092,Kankrej,4,3,218,0,3.69,38.52,34.35,8.49,29.5,58.9,78.2,Negative,10.5,No_Risk,F03,2026-08-31,78.8939,0
10093,Vechur,4,3,105,0,3.46,38.2,35.0,7.87,30.3,70.3,83.3,Negative,7.2,No_Risk,F04,2026-08-31,81.8177,0
10094,Tharparkar,3,3,269,1,3.94,38.84,33.92,13.95,35.3,66.2,81.4,Trace,21.6,No_Risk,F05,2026-08-31,88.47579999999999,0
10095,Kankrej,9,5,136,0,4.89,38.47,34.81,6.66,28.7,57.5,54.8,1+,71.6,Moderate,F06,2026-08-31,77.5825,1
10096,Krishna Valley,4,2,26,0,3.78,38.42,35.04,10.57,26.1,51.0,72.9,Negative,6.8,No_Risk,F07,2026-08-31,73.247,0
10097,Umblachery,10,5,156,0,4.79,38.39,34.12,9.7,24.6,47.1,88.1,Negative,7.5,No_Risk,F08,2026-08-31,70.8842,0
10098,Sahiwal,8,2,195,0,3.98,38.56,34.53,13.61,28.8,69.4,94.9,Negative,14.5,No_Risk,F09,2026-08-31,79.43360000000001,0
10099,Vechur,8,3,234,0,3.66,38.63,34.51,8.81,27.4,49.7,61.2,Negative,11.3,No_Risk,F10,2026-08-31,74.781,0
10100,Hallikar,10,3,101,0,3.39,38.42,33.54,11.75,36.0,54.4,79.9,Negative,1.0,No_Risk,F01,2026-08-31,86.9504,0
10101,Sahiwal,3,5,242,0,3.72,38.47,34.62,6.99,35.2,65.4,74.3,Negative,10.0,No_Risk,F02,2026-08-31,88.1632,0
10102,Vechur,10,5,122,0,5.02,38.57,35.5,17.12,25.4,36.3,70.2,1+,46.2,Low,F03,2026-08-31,70.713,0
10103,Dangi,7,2,33,0,3.4,38.54,34.22,9.78,26.5,77.3,77.3,Negative,10.6,No_Risk,F04,2026-08-31,76.9533,0
10104,Tharparkar,7,4,178,0,5.48,38.61,33.03,9.92,29.3,39.1,75.3,Negative,12.2,No_Risk,F05,2026-08-31,75.6659,0
10105,Dangi,3,2,171,0,3.55,38.36,33.65,15.46,33.9,67.1,80.1,Negative,2.9,No_Risk,F06,2026-08-31,86.6045,0
10106,Umblachery,10,5,127,0,4.59,38.95,33.28,8.74,29.2,68.2,93.6,Negative,6.2,No_Risk,F07,2026-08-31,79.8536,0
10107,Umblachery,7,5,207,0,4.01,38.63,35.23,15.5,26.7,74.5,83.8,1+,30.8,Low,F08,2026-08-31,76.92349999999999,0
10108,Hariana,9,1,117,0,3.89,38.42,34.81,9.27,28.8,67.5,76.7,Trace,24.1,No_Risk,F09,2026-08-31,79.16,0
10109,Dangi,10,5,150,0,3.27,38.72,33.84,12.52,26.8,92.2,100.0,Negative,2.8,No_Risk,F10,2026-08-31,79.27279999999999,0
10110,Ongole,9,1,190,1,4.59,38.69,33.07,8.78,31.1,70.6,88.6,Trace,17.4,No_Risk,F01,2026-08-31,83.0702,0
10111,Hallikar,7,4,202,0,3.35,37.99,33.53,6.43,26.5,80.6,70.6,Negative,1.0,No_Risk,F02,2026-08-31,77.3526,0
10112,Deoni,8,2,58,1,3.56,38.84,33.97,11.74,27.2,59.3,53.7,2+,26.5,Low,F03,2026-08-31,75.7504,0
10113,Dangi,7,2,34,0,4.18,38.24,34.29,12.42,33.1,69.4,57.2,Negative,8.7,No_Risk,F04,2026-08-31,85.8578,0
10114,Hariana,9,1,23,0,3.69,38.93,34.71,6.55,26.3,86.6,86.0,Negative,22.9,No_Risk,F05,2026-08-31,77.7454,0
10115,Rathi,5,2,229,0,5.19,38.52,35.27,9.22,23.9,65.1,62.5,2+,90.8,High,F06,2026-08-31,71.7045,1
10116,Krishna Valley,6,5,180,1,5.3,38.99,34.23,13.65,29.3,70.3,56.9,2+,83.9,High,F07,2026-08-31,80.3147,1
10117,Sahiwal,4,3,35,0,5.2,38.38,32.99,11.94,27.7,79.8,60.6,1+,19.3,No_Risk,F08,2026-08-31,79.17339999999999,0
10118,Umblachery,10,1,127,1,4.21,38.74,33.36,9.31,30.8,59.1,61.7,Trace,11.3,No_Risk,F09,2026-08-31,80.7324,0
10119,Rathi,5,2,246,1,4.74,39.14,35.07,8.71,30.1,42.1,84.8,3+,91.9,High,F10,2026-08-31,77.0897,1
10120,Hariana,7,1,189,0,2.5,38.51,33.62,16.34,28.9,71.1,69.6,Negative,2.3,No_Risk,F01,2026-08-31,79.8295,0
10121,Vechur,8,1,53,0,3.92,38.39,33.97,6.16,28.8,79.9,51.4,Negative,23.0,No_Risk,F02,2026-08-31,80.94560000000001,0
10122,Deoni,3,3,270,0,4.16,38.83,34.1,10.32,26.4,51.8,72.5,Negative,27.0,Low,F03,2026-08-31,73.73599999999999,0
10123,Hallikar,7,5,266,0,4.2,38.82,35.24,6.11,29.3,76.0,75.3,2+,67.4,Moderate,F04,2026-08-31,81.164,1
10124,Hallikar,8,1,160,1,4.62,38.53,33.73,14.44,32.1,76.1,64.8,2+,40.8,Low,F05,2026-08-31,85.5497,0
10125,Hallikar,6,2,115,1,4.69,38.03,33.9,10.48,25.6,40.7,89.3,Negative,6.6,No_Risk,F06,2026-08-31,71.4384,0
10126,Krishna Valley,7,4,246,0,2.5,38.39,34.77,11.03,29.0,56.8,65.7,Negative,2.9,No_Risk,F07,2026-08-31,77.8928,0
10127,Deoni,9,1,58,0,4.27,38.84,34.02,18.81,32.6,63.3,88.6,Negative,23.0,No_Risk,F08,2026-08-31,84.00059999999999,0
10128,Krishna Valley,3,1,48,1,4.96,38.45,34.54,8.57,30.8,65.8,81.0,Trace,53.8,Moderate,F09,2026-08-31,81.8312,1
10129,Umblachery,8,3,264,0,4.97,38.6,34.47,15.59,33.6,59.1,85.9,Negative,17.1,No_Risk,F10,2026-08-31,84.6272,0
10130,Krishna Valley,8,5,255,1,4.89,38.49,34.31,9.25,27.0,58.4,55.5,2+,38.2,Low,F01,2026-08-31,75.3584,0
10131,Gir,8,4,204,0,4.02,37.92,33.29,9.8,22.6,88.1,73.5,Negative,4.7,No_Risk,F02,2026-08-31,71.7042,0
10132,Deoni,6,2,255,0,4.82,38.36,35.18,18.4,29.7,66.7,71.2,Negative,34.7,Low,F03,2026-08-31,80.3651,0
10133,Ongole,7,4,258,0,2.57,38.84,36.25,10.02,30.3,59.7,50.7,2+,46.8,Low,F04,2026-08-31,80.1323,0
10134,Deoni,6,2,84,0,3.77,37.77,34.21,6.38,33.8,67.5,88.6,Negative,2.0,No_Risk,F05,2026-08-31,86.535,0
10135,Hariana,10,5,196,0,3.6,38.69,33.36,11.35,33.2,74.4,59.7,Negative,7.0,No_Risk,F06,2026-08-31,86.94720000000001,0
10136,Gir,4,2,22,0,4.08,38.18,34.22,9.98,30.9,68.6,62.9,Negative,15.0,No_Risk,F07,2026-08-31,82.439,0
10137,Hallikar,4,3,161,0,2.67,38.81,35.22,11.6,31.7,65.5,56.8,1+,7.7,No_Risk,F08,2026-08-31,83.0915,0
10138,Hariana,10,3,177,1,5.51,38.97,34.25,9.46,28.3,60.2,82.5,2+,78.0,High,F09,2026-08-31,77.40780000000001,1
10139,Hariana,7,3,165,1,4.49,38.66,34.1,17.15,24.7,60.1,49.1,2+,83.2,High,F10,2026-08-31,72.3503,1
10140,Umblachery,9,3,172,0,4.31,38.54,34.47,12.17,29.4,60.8,81.3,Trace,22.1,No_Risk,F01,2026-08-31,79.03999999999999,0
10141,Kangayam,6,4,212,0,4.25,38.32,35.16,7.28,32.4,72.1,87.7,Trace,41.5,Low,F02,2026-08-31,85.298,0
10142,Red Sindhi,3,5,92,0,4.92,38.13,34.82,10.77,31.3,56.1,80.1,Negative,5.5,No_Risk,F03,2026-08-31,80.9209,0
10143,Gir,8,2,159,0,2.89,39.19,35.84,8.1,31.9,72.7,82.7,1+,66.9,Moderate,F04,2026-08-31,84.6425,1
10144,Hariana,8,2,206,0,4.17,38.3,33.86,9.76,27.5,85.0,83.4,Negative,10.9,No_Risk,F05,2026-08-31,79.535,0
10145,Red Sindhi,7,3,80,0,4.85,39.15,35.42,7.73,28.1,71.9,57.8,3+,79.5,High,F06,2026-08-31,78.7303,1
10146,Red Sindhi,9,3,217,0,4.04,38.3,33.62,16.82,30.7,63.6,93.5,Negative,2.3,No_Risk,F07,2026-08-31,81.32679999999999,0
10147,Gir,4,1,30,0,3.48,38.78,35.04,8.43,27.1,52.4,65.1,Negative,16.1,No_Risk,F08,2026-08-31,74.7348,0
10148,Kangayam,4,5,81,0,3.71,38.2,35.12,12.56,27.2,86.9,71.0,Trace,4.8,No_Risk,F09,2026-08-31,79.2832,0
10149,Rathi,8,4,245,0,3.84,38.78,34.81,9.53,30.0,54.0,67.0,Trace,20.9,No_Risk,F10,2026-08-31,78.824,0
10150,Vechur,7,2,172,1,4.18,38.61,33.91,7.02,31.7,78.2,79.4,1+,45.7,Low,F01,2026-08-31,85.2886,0
10151,Ongole,6,1,218,0,4.0,38.49,34.04,11.09,28.3,75.7,63.9,Trace,10.3,No_Risk,F02,2026-08-31,79.5623,0
10152,Vechur,4,1,71,0,5.08,38.81,35.87,11.45,24.9,65.2,73.0,1+,80.8,High,F03,2026-08-31,73.166,1
10153,Deoni,6,2,279,0,3.71,38.44,33.92,12.18,26.4,64.8,53.5,Negative,8.1,No_Risk,F04,2026-08-31,75.29599999999999,0
10154,Hallikar,9,4,78,0,3.78,38.1,35.04,3.0,29.7,46.0,89.5,Negative,3.9,No_Risk,F05,2026-08-31,77.19800000000001,0
10155,Ongole,4,1,91,0,4.4,38.87,34.8,6.8,29.7,72.0,82.1,Negative,20.7,No_Risk,F06,2026-08-31,81.17599999999999,0
10156,Deoni,4,1,167,0,3.99,38.2,33.93,13.37,29.8,75.4,67.6,Negative,7.7,No_Risk,F07,2026-08-31,81.8516,0
10157,Hariana,5,5,82,1,3.79,38.9,33.53,7.73,30.8,54.9,65.0,Trace,8.7,No_Risk,F08,2026-08-31,80.0436,0
10158,Hallikar,4,4,262,0,4.06,38.94,34.85,11.11,29.0,66.1,81.7,Negative,26.4,Low,F09,2026-08-31,79.25059999999999,0
10159,Sahiwal,10,1,126,0,4.04,38.47,34.27,6.73,29.9,68.5,61.4,Negative,25.0,Low,F10,2026-08-31,80.9375,0
10160,Gir,3,4,245,1,5.28,39.13,36.51,12.26,28.8,75.0,73.9,3+,98.0,High,F01,2026-08-31,80.24000000000001,1
10161,Ongole,10,2,237,0,3.47,38.77,33.65,13.29,33.0,68.0,89.4,Negative,2.9,No_Risk,F02,2026-08-31,85.44800000000001,0
10162,Ongole,7,3,260,0,4.74,38.36,36.04,12.7,34.0,48.5,59.8,1+,67.3,Moderate,F03,2026-08-31,83.106,1
10163,Dangi,7,1,278,0,4.04,39.09,35.28,13.6,24.8,61.6,77.5,Negative,43.3,Low,F04,2026-08-31,72.6464,1
10164,Hariana,6,5,24,0,3.38,38.2,34.5,15.19,28.1,70.7,76.7,Negative,6.1,No_Risk,F05,2026-08-31,78.5659,0
10165,Rathi,10,2,280,1,3.8,38.59,33.73,6.98,29.1,78.1,70.5,2+,32.8,Low,F06,2026-08-31,81.16069999999999,0
10166,Red Sindhi,10,4,73,0,5.36,38.53,34.45,7.63,28.1,60.6,64.4,1+,14.7,No_Risk,F07,2026-08-31,77.1822,0
10167,Hallikar,10,2,66,0,4.0,38.81,34.8,13.19,35.3,94.3,90.2,Negative,40.7,Low,F08,2026-08-31,94.3487,0
10168,Hariana,9,1,234,0,4.71,38.99,35.53,13.89,29.8,45.3,63.0,3+,96.1,High,F09,2026-08-31,77.2162,1
10169,Kankrej,4,4,196,0,2.99,38.97,33.95,8.48,26.2,61.2,44.8,Negative,24.0,No_Risk,F10,2026-08-31,74.5816,0
10170,Kangayam,3,3,28,0,5.81,38.68,35.33,7.36,31.1,67.0,81.6,1+,20.0,No_Risk,F01,2026-08-31,82.469,0
10171,Red Sindhi,6,2,118,0,4.68,38.5,34.49,8.54,29.9,65.6,54.0,Negative,30.3,Low,F02,2026-08-31,80.488,0
10172,Gir,10,1,39,0,3.93,37.96,34.69,5.68,30.1,53.2,82.4,Negative,2.3,No_Risk,F03,2026-08-31,78.8324,0
10173,Red Sindhi,10,5,260,1,4.45,38.26,34.02,6.69,35.3,73.4,92.0,Trace,7.3,No_Risk,F04,2026-08-31,89.9806,0
10174,Rathi,5,4,80,0,4.58,39.22,34.49,6.76,30.2,72.5,81.4,Trace,54.6,Moderate,F05,2026-08-31,82.01499999999999,1
10175,Umblachery,6,2,197,0,4.54,37.96,34.26,9.62,27.9,68.6,88.1,Negative,3.8,No_Risk,F06,2026-08-31,77.981,0
10176,Dangi,10,2,81,1,4.77,38.45,34.35,11.31,22.2,72.0,100.0,1+,42.2,Low,F07,2026-08-31,69.776,0
10177,Red Sindhi,6,3,164,0,4.11,39.0,33.69,11.8,28.4,62.9,86.5,Trace,17.3,No_Risk,F08,2026-08-31,77.92599999999999,0
10178,Gir,4,3,235,0,4.46,38.67,34.83,8.97,33.6,48.6,77.0,Negative,10.7,No_Risk,F09,2026-08-31,82.6112,0
10179,Rathi,5,5,22,0,2.97,38.92,35.45,9.05,28.7,59.4,96.5,Negative,8.9,No_Risk,F10,2026-08-31,77.85419999999999,0
10180,Vechur,6,5,179,0,3.86,38.79,33.8,10.87,21.2,69.9,98.3,Negative,4.2,No_Risk,F01,2026-08-31,68.1132,0
10181,Ongole,3,1,246,0,3.03,39.11,34.21,6.01,27.3,70.0,98.5,Negative,2.7,No_Risk,F02,2026-08-31,77.27000000000001,1
10182,Umblachery,3,1,139,1,5.04,38.82,34.2,13.16,32.5,68.5,64.6,1+,46.3,Low,F03,2026-08-31,84.79849999999999,0
10183,Dangi,7,5,108,0,3.66,38.83,34.48,14.36,30.9,74.6,51.7,2+,41.9,Low,F04,2026-08-31,83.429,0
10184,Ongole,5,5,87,0,3.08,38.35,33.99,8.62,26.1,61.0,63.7,Negative,7.4,No_Risk,F05,2026-08-31,74.417,0
10185,Kangayam,5,4,117,1,4.13,38.93,34.6,9.3,27.0,68.3,82.6,1+,45.4,Low,F06,2026-08-31,76.6058,0
10186,Deoni,7,3,124,0,4.2,38.46,34.38,14.23,27.6,74.9,74.4,Negative,7.3,No_Risk,F07,2026-08-31,78.36680000000001,0
10187,Umblachery,6,1,142,0,3.97,38.44,33.11,10.13,26.7,67.0,68.9,Negative,1.6,No_Risk,F08,2026-08-31,76.001,0
10188,Umblachery,5,3,48,0,3.34,38.91,33.62,12.26,21.9,53.1,80.4,Negative,5.6,No_Risk,F09,2026-08-31,67.9025,0
10189,Vechur,3,3,156,1,3.54,39.04,32.69,10.22,31.7,56.5,49.9,Trace,32.4,Low,F10,2026-08-31,81.5345,1
10190,Vechur,3,5,214,0,4.15,39.19,35.94,15.17,33.4,78.0,74.1,3+,97.3,High,F01,2026-08-31,87.94,1
10191,Hallikar,10,4,245,0,3.72,39.17,35.15,11.97,23.7,84.7,88.8,Trace,49.2,Low,F02,2026-08-31,73.2371,1
10192,Krishna Valley,4,2,189,0,3.93,38.92,35.48,12.14,33.4,82.1,80.2,Trace,48.7,Low,F03,2026-08-31,88.719,0
10193,Red Sindhi,5,4,28,0,4.0,38.0,33.29,12.2,28.6,70.8,82.4,Negative,1.0,No_Risk,F04,2026-08-31,79.33359999999999,0
10194,Umblachery,6,4,59,0,4.38,39.24,35.3,8.83,33.3,53.6,96.0,1+,55.4,Moderate,F05,2026-08-31,83.1704,1
10195,Ongole,7,3,44,0,4.65,38.92,34.81,9.11,29.1,67.9,71.0,1+,68.2,Moderate,F06,2026-08-31,79.66130000000001,1
10196,Gir,7,4,280,1,4.75,38.45,33.75,12.81,29.5,86.7,62.2,1+,37.3,Low,F07,2026-08-31,83.0917,0
10197,Tharparkar,6,1,245,0,3.89,38.86,33.27,10.88,30.3,75.4,89.8,Negative,5.9,No_Risk,F08,2026-08-31,82.6286,0
10198,Krishna Valley,9,3,143,0,4.12,38.24,35.6,6.97,26.2,65.5,89.6,Negative,12.4,No_Risk,F09,2026-08-31,75.089,0
10199,Tharparkar,8,1,57,1,4.43,38.94,35.79,16.12,33.2,75.5,80.4,3+,87.6,High,F10,2026-08-31,87.154,1
10200,Dangi,4,2,270,1,3.58,38.26,33.89,13.43,25.1,52.8,69.6,1+,9.9,No_Risk,F01,2026-08-31,72.1296,0
10201,Rathi,7,3,195,0,4.81,38.32,34.61,10.6,27.6,59.7,72.0,Negative,4.3,No_Risk,F02,2026-08-31,76.3604,0
10202,Ongole,5,2,109,0,4.69,38.85,34.11,9.68,30.8,55.0,52.8,2+,64.7,Moderate,F03,2026-08-31,80.06,1
10203,Ongole,4,3,56,0,5.39,38.98,33.95,10.56,27.2,73.6,88.7,1+,85.9,High,F04,2026-08-31,77.5808,1
10204,Krishna Valley,5,5,195,1,6.13,38.83,35.93,10.85,31.7,76.6,88.2,3+,96.4,High,F05,2026-08-31,85.0118,1
10205,Umblachery,9,4,100,1,3.89,38.62,32.88,4.4,33.8,66.2,52.3,Trace,16.7,No_Risk,F06,2026-08-31,86.28280000000001,0
10206,Kangayam,3,5,133,0,3.88,37.86,33.97,16.84,32.5,57.5,85.0,Negative,2.6,No_Risk,F07,2026-08-31,82.8075,0
10207,Krishna Valley,4,2,59,1,6.28,38.65,34.27,6.8,22.2,67.8,78.1,3+,95.6,High,F08,2026-08-31,69.44839999999999,1
10208,Tharparkar,10,4,243,0,4.07,38.79,35.69,10.49,29.4,62.2,56.7,1+,56.0,Moderate,F09,2026-08-31,79.25,1
10209,Krishna Valley,7,3,134,0,4.26,38.49,34.92,10.6,32.6,58.4,53.9,Trace,9.6,No_Risk,F10,2026-08-31,83.1088,0
10210,Ongole,4,4,205,0,3.11,38.59,32.86,16.49,24.4,72.1,77.6,Negative,2.1,No_Risk,F01,2026-08-31,73.13,0
10211,Kangayam,4,1,75,1,4.75,38.66,34.2,10.24,31.5,58.9,66.0,Trace,44.9,Low,F02,2026-08-31,81.6719,0
10212,Red Sindhi,4,4,59,0,5.36,38.49,34.22,14.77,31.3,49.2,99.3,Negative,11.5,No_Risk,F03,2026-08-31,79.7548,0
10213,Kankrej,8,1,59,1,5.49,38.75,34.11,11.1,24.8,51.9,86.3,1+,57.4,Moderate,F04,2026-08-31,71.6376,1
10214,Hallikar,4,4,256,1,4.25,38.62,34.7,7.61,31.9,48.8,79.1,Negative,27.4,Low,F05,2026-08-31,80.46000000000001,0
10215,Sahiwal,5,1,235,0,3.84,39.11,33.88,10.9,30.0,71.0,79.8,Negative,21.0,No_Risk,F06,2026-08-31,81.476,1
10216,Vechur,3,2,166,0,3.36,37.83,33.87,10.14,31.3,69.8,92.0,Negative,1.0,No_Risk,F07,2026-08-31,83.2362,0
10217,Krishna Valley,9,5,187,0,3.55,38.41,34.58,7.25,25.6,69.2,84.7,Negative,5.0,No_Risk,F08,2026-08-31,74.63040000000001,0
10218,Dangi,6,3,111,0,2.86,38.3,34.74,11.57,29.5,75.1,79.5,Negative,4.4,No_Risk,F09,2026-08-31,81.3401,0
10219,Deoni,4,4,78,0,4.04,38.68,34.32,10.57,23.0,82.3,57.3,2+,38.1,Low,F10,2026-08-31,71.87780000000001,0
10220,Rathi,7,5,78,0,5.08,38.63,33.97,11.92,21.0,60.9,100.0,Negative,20.0,No_Risk,F01,2026-08-31,67.21940000000001,0
10221,Kankrej,4,3,188,1,4.88,39.29,35.28,11.01,29.5,72.9,55.5,3+,95.5,High,F02,2026-08-31,81.0079,1
10222,Hallikar,7,3,64,0,4.99,39.28,35.96,8.38,32.9,49.0,67.3,3+,95.1,High,F03,2026-08-31,81.785,1
10223,Hallikar,5,1,200,0,4.8,38.33,34.23,12.81,29.9,84.5,47.2,1+,15.3,No_Risk,F04,2026-08-31,83.41749999999999,0
10224,Hallikar,7,2,189,0,3.74,38.6,33.37,8.63,28.8,53.1,80.1,Negative,2.7,No_Risk,F05,2026-08-31,77.0864,0
10225,Hallikar,10,2,210,0,3.61,38.67,33.21,3.0,28.3,59.5,74.3,Negative,5.5,No_Risk,F06,2026-08-31,77.31049999999999,0
10226,Tharparkar,6,5,174,0,3.63,38.32,33.01,10.89,25.7,60.8,83.5,Negative,1.0,No_Risk,F07,2026-08-31,73.8304,0
10227,Dangi,3,2,207,0,2.98,38.82,35.6,8.84,28.2,49.7,45.9,1+,32.3,Low,F08,2026-08-31,75.8186,0
10228,Dangi,7,4,26,1,4.67,38.64,34.85,11.65,30.5,68.4,88.7,Trace,13.5,No_Risk,F09,2026-08-31,81.8124,0
10229,Kangayam,7,2,152,0,2.5,38.23,34.11,16.5,27.5,70.6,59.9,Negative,1.0,No_Risk,F10,2026-08-31,77.6486,0
10230,Vechur,3,5,254,1,5.03,38.62,33.84,16.37,31.6,65.7,69.8,1+,31.2,Low,F01,2026-08-31,82.9804,0
10231,Ongole,6,2,64,1,4.7,38.37,33.74,10.0,29.7,49.5,86.0,Negative,12.0,No_Risk,F02,2026-08-31,77.73349999999999,0
10232,Hallikar,4,4,268,0,4.41,38.96,35.6,8.02,30.1,91.8,75.9,2+,83.9,High,F03,2026-08-31,84.8926,1
10233,Deoni,7,1,50,1,5.34,39.39,37.09,11.77,32.1,74.6,77.0,3+,99.0,High,F04,2026-08-31,85.2842,1
10234,Ongole,3,5,42,0,4.23,38.69,33.72,9.39,27.2,95.0,84.0,Negative,9.5,No_Risk,F05,2026-08-31,80.32,0
10235,Dangi,10,1,179,1,5.71,38.76,35.23,10.86,31.3,58.3,78.4,3+,90.7,High,F06,2026-08-31,81.2927,1
10236,Gir,10,1,177,0,4.5,38.65,34.22,8.52,27.6,79.5,66.9,Trace,38.6,Low,F07,2026-08-31,78.974,0
10237,Gir,5,1,58,1,4.16,39.13,34.9,11.25,30.2,77.4,69.5,3+,89.7,High,F08,2026-08-31,82.7892,1
10238,Deoni,3,3,101,1,4.5,39.13,36.26,8.06,26.7,64.5,75.2,3+,94.8,High,F09,2026-08-31,75.6935,1
10239,Kangayam,5,3,277,1,3.18,38.68,34.19,14.05,25.8,84.9,58.6,Trace,42.3,Low,F10,2026-08-31,76.71860000000001,0
10240,Dangi,10,1,225,1,4.06,38.81,34.65,8.73,29.3,63.1,86.9,1+,76.1,High,F01,2026-08-31,79.2419,1
10241,Deoni,6,5,96,0,3.85,38.83,34.66,12.48,22.4,63.7,76.3,1+,15.1,No_Risk,F02,2026-08-31,69.416,0
10242,Tharparkar,4,4,31,0,4.46,38.2,32.9,6.71,28.0,35.0,73.1,Negative,2.7,No_Risk,F03,2026-08-31,73.56,0
10243,Krishna Valley,3,4,243,0,3.61,39.02,35.08,12.84,23.4,72.9,89.9,Trace,79.1,High,F04,2026-08-31,71.681,1
10244,Deoni,9,2,32,0,3.29,39.21,34.76,7.6,31.7,52.1,70.2,1+,41.3,Low,F05,2026-08-31,80.7733,1
10245,Red Sindhi,10,5,65,0,2.87,39.01,33.68,11.28,32.7,61.4,69.3,Negative,6.6,No_Risk,F06,2026-08-31,83.7962,1
10246,Ongole,10,3,174,0,3.71,38.16,33.79,13.57,26.0,55.7,64.7,Negative,2.6,No_Risk,F07,2026-08-31,73.66120000000001,0
10247,Kankrej,9,1,132,1,5.92,38.03,33.78,8.89,30.5,63.6,77.1,Negative,28.1,Low,F08,2026-08-31,81.03960000000001,0
10248,Hariana,8,2,252,0,4.28,38.85,35.32,7.41,32.1,73.3,76.6,1+,67.6,Moderate,F09,2026-08-31,85.0541,1
10249,Kangayam,10,4,36,1,5.26,38.45,33.35,11.58,32.2,68.1,62.0,Negative,12.8,No_Risk,F10,2026-08-31,84.2818,0
10250,Deoni,7,3,242,0,3.51,38.7,33.57,7.98,29.8,76.5,69.3,Negative,6.3,No_Risk,F01,2026-08-31,82.021,0
10251,Dangi,6,3,207,1,3.63,39.26,35.5,9.29,31.6,83.2,62.1,3+,70.9,Moderate,F02,2026-08-31,85.9904,1
10252,Rathi,3,1,182,1,3.86,38.49,33.14,11.3,26.7,63.6,61.4,Negative,6.9,No_Risk,F03,2026-08-31,75.58279999999999,0
10253,Gir,9,4,93,0,4.04,38.47,33.67,14.58,29.3,62.3,46.1,Trace,6.5,No_Risk,F04,2026-08-31,79.12270000000001,0
10254,Red Sindhi,7,5,252,0,2.8,38.7,32.87,10.58,27.4,79.5,68.5,Negative,2.7,No_Risk,F05,2026-08-31,78.655,0
10255,Vechur,9,3,243,1,4.0,38.27,34.94,10.57,26.4,80.4,46.5,Trace,15.3,No_Risk,F06,2026-08-31,77.168,0
10256,Hallikar,3,1,79,0,3.72,38.33,33.96,12.71,29.1,76.9,65.1,Negative,3.9,No_Risk,F07,2026-08-31,80.98429999999999,0
10257,Hariana,5,5,241,0,3.24,38.61,34.19,10.65,30.2,56.6,62.8,Negative,11.3,No_Risk,F08,2026-08-31,79.50280000000001,0
10258,Umblachery,3,4,56,0,2.72,38.49,34.93,12.41,33.1,73.1,87.8,Negative,2.8,No_Risk,F09,2026-08-31,86.5497,0
10259,Kangayam,8,3,215,0,4.29,38.81,33.85,13.74,29.9,69.3,56.8,Negative,6.1,No_Risk,F10,2026-08-31,81.0615,0
10260,Kankrej,3,5,261,0,4.13,39.57,35.69,9.52,31.2,80.6,60.6,3+,96.0,High,F01,2026-08-31,84.9008,1
10261,Hariana,3,5,238,0,4.61,38.63,33.35,3.0,31.3,61.1,66.3,Negative,7.3,No_Risk,F02,2026-08-31,81.7659,0
10262,Deoni,8,5,211,0,3.38,38.31,33.35,8.05,38.0,48.0,63.3,Negative,1.6,No_Risk,F03,2026-08-31,88.128,0
10263,Tharparkar,6,3,36,0,4.59,39.1,34.26,14.13,22.7,76.3,92.5,Trace,27.2,Low,F04,2026-08-31,70.8929,1
10264,Gir,10,3,31,1,5.64,38.16,33.81,9.64,26.6,37.3,54.9,Negative,55.6,Moderate,F05,2026-08-31,72.2306,1
10265,Dangi,3,2,212,0,4.27,38.11,33.89,9.48,34.2,59.2,66.3,Negative,1.5,No_Risk,F06,2026-08-31,85.48160000000001,0
10266,Gir,8,4,41,1,4.25,38.51,34.43,14.0,27.8,55.7,77.0,1+,78.0,High,F07,2026-08-31,76.1038,1
10267,Vechur,7,1,139,0,4.19,38.5,33.49,10.2,32.1,55.6,85.2,Negative,3.4,No_Risk,F08,2026-08-31,81.9212,0
10268,Tharparkar,5,5,229,0,3.67,38.38,34.46,4.22,29.8,59.0,66.3,Negative,7.7,No_Risk,F09,2026-08-31,79.326,0
10269,Hallikar,5,2,211,0,3.56,38.59,34.59,5.98,36.4,82.6,43.2,1+,22.7,No_Risk,F10,2026-08-31,93.692,0
10270,Dangi,3,1,194,0,4.54,38.7,33.83,11.76,25.1,77.8,69.7,Negative,12.1,No_Risk,F01,2026-08-31,74.8046,0
10271,Ongole,6,2,223,0,4.01,38.97,34.1,10.3,33.3,65.0,92.3,1+,15.6,No_Risk,F02,2026-08-31,85.32499999999999,0
10272,Sahiwal,6,3,183,0,4.88,38.63,34.27,14.79,35.1,81.6,76.2,1+,50.2,Moderate,F03,2026-08-31,91.3712,1
10273,Red Sindhi,7,5,270,0,3.81,38.4,34.04,8.3,25.4,55.3,75.5,Negative,1.8,No_Risk,F04,2026-08-31,72.803,0
10274,Gir,3,1,246,0,3.88,38.96,34.89,9.57,31.7,53.6,56.1,1+,52.6,Moderate,F05,2026-08-31,81.0328,1
10275,Rathi,5,1,26,0,3.73,38.31,35.46,7.85,25.6,78.4,54.5,2+,12.9,No_Risk,F06,2026-08-31,75.6608,0
10276,Gir,6,1,48,0,3.37,38.03,34.25,8.94,29.1,75.0,72.3,Negative,3.0,No_Risk,F07,2026-08-31,80.705,0
10277,Hariana,3,1,52,0,4.63,39.02,34.33,4.82,28.1,62.5,50.6,2+,80.5,High,F08,2026-08-31,77.4425,1
10278,Gir,9,1,153,1,6.07,39.12,34.33,8.2,21.0,54.4,83.7,1+,73.5,Moderate,F09,2026-08-31,66.7904,1
10279,Kangayam,6,2,98,0,3.85,38.32,33.52,10.34,30.5,85.5,59.3,Negative,8.2,No_Risk,F10,2026-08-31,84.5655,0
10280,Gir,8,5,77,0,3.66,38.46,33.03,10.09,29.5,47.4,71.6,Negative,2.1,No_Risk,F01,2026-08-31,77.1574,0
10281,Sahiwal,9,3,45,1,4.17,38.4,34.95,16.95,34.2,60.8,43.7,2+,82.9,High,F02,2026-08-31,85.79840000000002,1
10282,Sahiwal,10,3,245,0,3.66,38.71,32.5,16.0,31.1,70.7,66.1,Negative,1.8,No_Risk,F03,2026-08-31,83.08690000000001,0
10283,Hallikar,6,3,23,0,5.17,39.21,35.6,7.91,37.0,89.6,54.2,3+,99.0,High,F04,2026-08-31,96.2496,1
10284,Kankrej,5,3,118,1,4.18,38.97,34.04,4.37,29.4,72.6,37.2,3+,46.8,Low,F05,2026-08-31,80.81,0
10285,Ongole,4,2,58,0,3.72,38.96,34.32,10.2,28.6,73.8,80.1,1+,23.9,No_Risk,F06,2026-08-31,79.7596,0
10286,Rathi,9,4,176,0,3.29,38.89,33.86,11.63,28.4,61.2,96.6,Negative,1.6,No_Risk,F07,2026-08-31,77.68799999999999,0
10287,Gir,10,5,94,0,4.29,38.6,35.36,7.92,27.5,74.8,88.9,1+,69.9,Moderate,F08,2026-08-31,78.1988,1
10288,Gir,7,1,149,0,4.06,38.98,34.77,8.07,21.3,69.3,82.2,Negative,23.6,No_Risk,F09,2026-08-31,68.2217,0
10289,Red Sindhi,7,4,194,0,3.36,38.86,35.15,15.25,28.2,48.9,65.8,Negative,16.6,No_Risk,F10,2026-08-31,75.7082,0
10290,Dangi,5,3,103,0,3.52,39.1,36.05,9.73,21.8,77.5,84.1,3+,84.0,High,F01,2026-08-31,69.575,1
10291,Sahiwal,6,4,41,0,5.1,38.44,34.33,12.22,30.6,79.6,90.4,Negative,18.0,No_Risk,F02,2026-08-31,83.77520000000001,0
10292,Rathi,3,5,46,0,4.12,37.99,33.24,7.71,24.7,77.6,74.1,Negative,1.3,No_Risk,F03,2026-08-31,74.1528,0
10293,Hallikar,6,1,214,1,4.72,39.09,34.8,10.33,25.9,68.4,54.2,3+,83.6,High,F04,2026-08-31,74.98599999999999,1
10294,Vechur,5,1,255,1,4.72,38.84,33.89,9.49,26.7,56.5,64.5,2+,66.6,Moderate,F05,2026-08-31,74.70949999999999,1
10295,Kankrej,7,5,111,0,5.01,38.5,33.8,8.29,28.3,40.3,97.5,Negative,9.6,No_Risk,F06,2026-08-31,74.6417,0
10296,Ongole,6,5,40,0,3.42,38.52,34.12,13.97,29.0,69.9,70.9,Negative,9.0,No_Risk,F07,2026-08-31,79.80539999999999,0
10297,Tharparkar,7,3,103,0,3.84,39.49,35.68,6.33,32.8,81.0,25.0,3+,99.0,High,F08,2026-08-31,87.544,1
10298,Ongole,9,1,166,0,3.99,38.38,34.53,11.4,27.0,79.9,50.0,Trace,5.0,No_Risk,F09,2026-08-31,78.06739999999999,0
10299,Kangayam,10,4,276,0,2.98,38.3,34.65,9.43,30.7,77.8,65.6,Negative,4.5,No_Risk,F10,2026-08-31,83.6414,0
10300,Hariana,3,2,77,0,3.5,38.63,34.09,11.74,38.0,67.1,87.5,Negative,11.7,No_Risk,F01,2026-08-31,92.6356,0
10301,Kangayam,9,2,34,1,5.33,39.13,35.39,9.0,30.3,81.0,67.9,3+,96.9,High,F02,2026-08-31,83.519,1
10302,Gir,7,5,181,0,4.59,39.4,35.16,13.1,28.4,79.1,87.8,2+,52.4,Moderate,F03,2026-08-31,80.19399999999999,1
10303,Umblachery,7,3,182,0,4.71,38.83,35.51,7.68,26.3,62.9,64.1,3+,67.3,Moderate,F04,2026-08-31,74.9251,1
10304,Kankrej,4,2,31,0,3.72,38.16,33.75,13.97,28.3,76.1,42.5,Negative,6.1,No_Risk,F05,2026-08-31,79.61789999999999,0
10305,Hariana,4,1,227,0,3.8,39.29,36.34,10.41,25.9,61.6,64.6,3+,92.8,High,F06,2026-08-31,74.204,1
10306,Rathi,9,5,46,1,3.49,38.71,33.05,6.51,29.9,74.5,77.2,Negative,11.0,No_Risk,F07,2026-08-31,81.8675,0
10307,Tharparkar,8,4,91,1,5.26,38.43,33.9,12.13,29.4,52.4,75.9,Trace,20.8,No_Risk,F08,2026-08-31,77.78,0
10308,Sahiwal,9,5,79,1,5.36,38.34,33.94,9.4,21.4,53.3,53.2,Trace,44.2,Low,F09,2026-08-31,67.251,0
10309,Kankrej,4,4,164,0,4.8,38.89,34.81,5.37,28.9,80.7,66.7,2+,59.2,Moderate,F10,2026-08-31,81.22149999999999,1
10310,Kankrej,7,5,112,0,5.14,38.68,34.89,11.19,32.8,79.3,100.0,2+,63.4,Moderate,F01,2026-08-31,87.2312,1
10311,Kangayam,5,5,27,0,4.37,38.72,33.24,13.52,27.6,75.6,53.5,Negative,14.0,No_Risk,F02,2026-08-31,78.45920000000001,0
10312,Umblachery,9,5,98,0,5.11,39.05,34.01,14.07,26.7,69.1,81.9,Trace,31.8,Low,F03,2026-08-31,76.2593,1
10313,Gir,7,4,46,0,3.97,38.32,33.08,9.36,24.2,39.3,40.5,Negative,9.4,No_Risk,F04,2026-08-31,69.6114,0
10314,Deoni,5,4,193,1,3.5,39.2,36.25,10.94,22.5,67.1,85.0,3+,74.0,Moderate,F05,2026-08-31,69.8351,1
10315,Hallikar,5,5,69,0,4.66,38.42,34.44,10.65,31.9,73.5,58.6,Trace,24.1,No_Risk,F06,2026-08-31,84.7825,0
10316,Kangayam,4,2,218,0,2.93,39.36,34.65,14.97,28.4,61.6,78.0,Negative,12.4,No_Risk,F07,2026-08-31,77.744,1
10317,Kankrej,9,3,200,0,4.21,38.81,34.06,8.07,31.7,59.5,52.6,Trace,56.4,Moderate,F08,2026-08-31,82.05349999999999,1
10318,Krishna Valley,6,3,43,0,4.72,38.28,35.15,9.11,34.4,85.3,76.4,1+,47.4,Low,F09,2026-08-31,90.98,0
10319,Red Sindhi,3,3,65,0,4.31,37.89,33.98,8.0,32.2,67.3,58.4,Negative,2.6,No_Risk,F10,2026-08-31,84.1394,0
10320,Tharparkar,4,4,34,1,6.13,39.0,34.54,4.95,27.1,73.5,61.3,3+,95.9,High,F01,2026-08-31,77.4145,1
10321,Hallikar,4,4,172,1,3.37,38.59,33.57,11.24,29.5,77.3,78.6,Negative,23.5,No_Risk,F02,2026-08-31,81.6723,0
10322,Kangayam,6,2,241,1,4.6,38.67,33.38,15.3,26.8,56.0,65.5,1+,19.9,No_Risk,F03,2026-08-31,74.78399999999999,0
10323,Tharparkar,3,3,225,0,4.11,38.87,35.48,9.9,26.5,70.3,77.7,2+,34.1,Low,F04,2026-08-31,76.1063,0
10324,Red Sindhi,7,3,255,0,3.23,38.95,36.05,7.85,30.2,83.8,69.1,2+,71.6,Moderate,F05,2026-08-31,83.8004,1
10325,Vechur,8,5,247,0,3.35,39.03,34.07,11.06,26.1,89.8,73.0,Negative,18.8,No_Risk,F06,2026-08-31,77.78659999999999,1
10326,Red Sindhi,9,4,28,0,3.55,38.19,35.32,12.27,21.3,68.5,78.7,Negative,11.2,No_Risk,F07,2026-08-31,68.1665,0
10327,Umblachery,8,3,185,1,3.94,39.22,34.85,10.03,25.9,65.1,66.7,2+,87.2,High,F08,2026-08-31,74.6065,1
10328,Red Sindhi,7,2,233,0,4.03,38.4,34.63,14.71,27.9,71.2,57.1,Negative,35.9,Low,F09,2026-08-31,78.332,0
10329,Tharparkar,10,2,136,0,3.71,37.81,35.33,8.06,34.3,70.9,64.0,Negative,1.7,No_Risk,F10,2026-08-31,87.94909999999999,0
10330,Ongole,4,3,91,0,4.31,38.19,34.08,9.64,27.3,84.6,89.9,Negative,2.4,No_Risk,F01,2026-08-31,79.1534,0
10331,Tharparkar,3,4,83,0,4.52,38.68,33.94,11.39,30.8,56.0,73.7,Negative,20.0,No_Risk,F02,2026-08-31,80.22399999999999,0
10332,Deoni,4,2,224,1,5.03,38.38,34.84,11.47,28.4,64.6,59.3,2+,52.4,Moderate,F03,2026-08-31,78.16399999999999,1
10333,Gir,5,5,228,0,3.83,38.57,33.31,10.64,33.3,54.6,78.0,Negative,1.3,No_Risk,F04,2026-08-31,83.3594,0
10334,Hariana,4,2,91,0,4.28,38.72,35.15,6.66,33.0,55.9,79.0,Trace,62.6,Moderate,F05,2026-08-31,83.1974,1
10335,Ongole,4,1,114,0,4.77,38.54,34.31,17.51,33.1,72.5,79.8,Trace,8.8,No_Risk,F06,2026-08-31,86.4375,0
10336,Sahiwal,7,1,185,0,4.39,38.43,33.74,9.79,22.9,77.7,57.3,Trace,11.9,No_Risk,F07,2026-08-31,71.3245,0
10337,Hariana,7,4,51,1,5.86,38.28,33.72,9.88,29.7,60.2,61.8,1+,49.6,Low,F08,2026-08-31,79.3706,0
10338,Gir,7,3,30,1,5.29,38.73,33.15,11.91,31.7,77.3,61.8,Trace,67.0,Moderate,F09,2026-08-31,85.1329,1
10339,Kangayam,8,4,236,1,5.77,38.0,33.77,7.72,30.3,81.3,66.6,1+,15.1,No_Risk,F10,2026-08-31,83.5667,0
10340,Hallikar,5,4,121,1,3.03,38.48,33.99,10.67,31.2,91.2,80.1,Negative,9.5,No_Risk,F01,2026-08-31,86.6816,0
10341,Deoni,10,4,233,0,4.16,38.28,33.35,8.47,29.2,68.8,76.4,Negative,1.9,No_Risk,F02,2026-08-31,79.94239999999999,0
10342,Deoni,10,4,198,0,3.89,38.52,34.16,11.75,26.4,60.3,77.6,Negative,10.5,No_Risk,F03,2026-08-31,74.756,0
10343,Sahiwal,7,5,107,0,4.02,38.53,34.58,9.67,23.1,56.0,92.3,Negative,4.5,No_Risk,F04,2026-08-31,69.752,0
10344,Ongole,3,5,60,0,3.58,38.94,34.5,11.31,26.7,54.8,82.3,Negative,31.0,Low,F05,2026-08-31,74.5004,0
10345,Umblachery,8,2,95,1,4.91,39.27,35.88,7.26,38.0,83.0,69.9,3+,96.0,High,F06,2026-08-31,96.388,1
10346,Dangi,6,1,65,0,2.92,38.21,33.55,8.01,27.3,49.8,54.2,Negative,1.0,No_Risk,F07,2026-08-31,74.6642,0
10347,Vechur,3,4,179,1,4.91,39.42,36.44,6.3,22.1,82.6,61.3,3+,98.5,High,F08,2026-08-31,70.4402,1
10348,Red Sindhi,9,2,99,0,3.6,38.33,34.3,8.37,31.6,57.6,68.1,Negative,4.1,No_Risk,F09,2026-08-31,81.5872,0
10349,Ongole,9,1,105,0,3.77,38.66,35.44,3.0,32.0,59.8,84.4,Trace,39.3,Low,F10,2026-08-31,82.5248,0
10350,Hallikar,3,3,111,0,4.39,38.78,36.29,9.58,33.5,66.2,71.6,2+,61.5,Moderate,F01,2026-08-31,85.8442,1
10351,Vechur,7,5,167,1,4.7,39.58,35.58,8.9,30.6,59.6,62.2,3+,95.2,High,F02,2026-08-31,80.5352,1
10352,Deoni,6,1,180,0,4.79,38.41,33.86,10.95,32.0,79.2,61.0,Trace,32.8,Low,F03,2026-08-31,85.9392,0
10353,Tharparkar,6,3,221,0,3.47,37.97,34.0,10.63,35.4,89.8,71.0,Negative,1.0,No_Risk,F04,2026-08-31,93.578,0
10354,Hallikar,8,1,261,0,4.05,39.12,35.52,14.27,26.4,60.1,85.3,Negative,39.9,Low,F05,2026-08-31,74.732,1
10355,Gir,6,5,21,0,4.68,38.31,35.26,18.28,25.7,62.8,95.9,Negative,14.0,No_Risk,F06,2026-08-31,74.0564,0
10356,Sahiwal,9,5,244,0,4.33,38.47,33.68,13.91,25.2,66.0,68.9,Negative,9.3,No_Risk,F07,2026-08-31,73.688,0
10357,Gir,5,2,252,1,4.93,38.33,34.5,9.03,28.1,74.5,71.3,Trace,27.4,Low,F08,2026-08-31,79.0865,0
10358,Dangi,7,4,96,0,4.82,38.47,34.09,9.0,34.0,66.2,53.8,Trace,15.2,No_Risk,F09,2026-08-31,86.5752,0
10359,Hallikar,6,1,135,0,3.84,38.31,34.69,13.11,30.8,84.6,100.0,Negative,7.6,No_Risk,F10,2026-08-31,84.9144,0
10360,Rathi,8,1,173,0,3.7,38.84,35.68,5.45,30.7,81.8,51.0,2+,57.3,Moderate,F01,2026-08-31,84.29339999999999,1
10361,Rathi,9,3,122,0,4.47,38.63,34.01,9.55,22.6,53.8,89.6,Negative,3.9,No_Risk,F02,2026-08-31,68.8916,0
10362,Kangayam,5,5,213,0,4.0,38.36,32.86,9.79,26.6,74.3,66.5,Negative,6.9,No_Risk,F03,2026-08-31,76.74459999999999,0
10363,Ongole,4,1,185,0,4.83,38.95,35.29,12.23,22.6,86.2,63.0,Trace,78.0,High,F04,2026-08-31,71.5484,1
10364,Deoni,4,5,109,0,4.34,38.69,33.53,12.34,33.1,62.1,55.3,Negative,33.8,Low,F05,2026-08-31,84.49270000000001,0
10365,Deoni,5,1,193,0,3.69,37.95,34.09,8.27,34.5,64.5,100.0,Negative,2.3,No_Risk,F06,2026-08-31,86.9645,0
10366,Red Sindhi,9,2,141,1,4.87,39.04,35.51,9.19,31.7,61.7,75.3,3+,85.7,High,F07,2026-08-31,82.4341,1
10367,Red Sindhi,8,4,162,1,4.06,38.78,34.61,11.84,25.5,61.9,72.3,Negative,34.3,Low,F08,2026-08-31,73.6709,0
10368,Red Sindhi,5,1,125,0,4.72,39.09,34.89,8.1,34.2,48.0,85.3,Trace,31.1,Low,F09,2026-08-31,83.26400000000001,1
10369,Tharparkar,7,5,142,0,3.19,38.64,33.74,14.12,28.1,52.1,62.2,Negative,1.4,No_Risk,F10,2026-08-31,76.0177,0
10370,Hariana,7,2,28,0,4.89,38.32,32.5,12.24,24.7,68.9,72.0,Negative,2.9,No_Risk,F01,2026-08-31,73.2567,0
10371,Kankrej,4,1,92,1,4.86,38.65,34.76,10.96,25.6,86.2,72.8,2+,86.9,High,F02,2026-08-31,76.5344,1
10372,Hariana,6,3,242,0,3.99,38.88,34.36,11.67,27.5,60.6,64.3,1+,38.0,Low,F03,2026-08-31,76.3386,0
10373,Gir,8,4,60,0,4.6,38.33,35.41,9.1,29.2,60.3,90.0,Negative,7.5,No_Risk,F04,2026-08-31,78.6844,0
10374,Hariana,4,1,223,0,4.43,38.45,34.52,8.62,28.4,88.4,68.7,Trace,18.6,No_Risk,F05,2026-08-31,81.496,0
10375,Tharparkar,6,2,197,0,4.96,38.52,33.77,9.08,24.1,54.7,48.7,Trace,22.3,No_Risk,F06,2026-08-31,70.9859,0
10376,Kangayam,6,3,103,0,4.96,38.2,35.05,11.86,33.2,48.1,67.5,1+,11.8,No_Risk,F07,2026-08-31,82.00280000000001,0
10377,Gir,10,2,130,1,4.88,38.46,35.12,11.03,28.5,58.1,75.7,2+,77.6,High,F08,2026-08-31,77.3921,1
10378,Hariana,7,2,270,0,3.53,38.66,34.02,9.23,26.5,60.0,58.6,Negative,7.3,No_Risk,F09,2026-08-31,74.86,0
10379,Tharparkar,9,3,26,0,3.75,39.02,35.8,12.75,32.9,47.0,59.8,1+,37.1,Low,F10,2026-08-31,81.41499999999999,1
10380,Kankrej,3,2,103,0,4.05,38.71,33.78,9.98,24.9,66.5,63.8,Trace,6.1,No_Risk,F01,2026-08-31,73.3025,0
10381,Hariana,9,3,227,1,5.35,38.7,34.34,7.92,23.3,79.4,90.3,2+,85.8,High,F02,2026-08-31,72.1066,1
10382,Tharparkar,3,1,41,0,3.8,38.31,34.66,11.26,33.5,52.6,64.7,Negative,5.7,No_Risk,F03,2026-08-31,83.2466,0
10383,Dangi,5,3,22,1,4.41,39.1,35.63,7.46,35.6,69.1,93.4,3+,95.6,High,F04,2026-08-31,89.5292,1
10384,Red Sindhi,7,3,146,0,5.3,38.75,34.8,4.99,27.4,72.8,62.8,2+,90.6,High,F05,2026-08-31,77.78399999999999,1
10385,Dangi,6,4,207,0,4.03,38.35,33.93,10.48,28.8,67.0,76.9,Negative,10.4,No_Risk,F06,2026-08-31,79.088,0
10386,Deoni,8,3,33,0,3.69,38.91,35.5,8.53,25.0,70.2,65.3,1+,43.8,Low,F07,2026-08-31,73.8412,0
10387,Red Sindhi,3,3,31,0,4.6,38.8,34.29,9.74,29.0,70.4,83.3,Negative,4.7,No_Risk,F08,2026-08-31,79.8784,0
10388,Deoni,9,1,106,0,4.06,38.32,33.74,7.6,27.3,58.2,55.2,Negative,7.2,No_Risk,F09,2026-08-31,75.74780000000001,0
10389,Krishna Valley,6,4,31,1,3.75,38.68,33.76,14.13,28.6,86.0,83.1,Negative,42.0,Low,F10,2026-08-31,81.492,0
10390,Sahiwal,3,5,44,0,4.78,38.43,35.75,8.52,30.4,83.0,73.7,2+,67.0,Moderate,F01,2026-08-31,84.0,1
10391,Dangi,3,1,262,0,3.61,39.52,35.25,9.2,25.2,82.3,62.4,2+,56.9,Moderate,F02,2026-08-31,75.44839999999999,1
10392,Sahiwal,10,1,141,0,4.13,38.79,35.41,11.63,27.7,80.2,69.5,Trace,35.3,Low,F03,2026-08-31,79.22659999999999,0
10393,Sahiwal,3,5,166,1,4.61,38.79,33.46,6.37,22.7,49.1,95.0,1+,23.9,No_Risk,F04,2026-08-31,68.6353,0
10394,Kankrej,8,3,74,1,4.8,38.89,34.96,6.15,27.8,79.1,74.1,2+,71.4,Moderate,F05,2026-08-31,79.23939999999999,1
10395,Red Sindhi,7,2,257,0,2.68,39.08,35.2,11.64,28.7,75.9,61.5,2+,12.5,No_Risk,F06,2026-08-31,80.21369999999999,1
10396,Krishna Valley,8,4,192,1,4.43,38.69,35.5,9.17,29.8,49.6,53.9,1+,71.7,Moderate,F07,2026-08-31,77.8784,1
10397,Deoni,4,2,240,0,4.83,38.39,33.68,7.77,29.8,65.4,79.6,Negative,5.3,No_Risk,F08,2026-08-31,80.3116,0
10398,Tharparkar,6,5,138,0,4.92,38.9,33.85,12.2,32.2,71.3,74.9,Trace,64.4,Moderate,F09,2026-08-31,84.85140000000001,1
10399,Gir,7,1,202,1,4.01,38.66,34.11,8.06,23.6,88.0,82.4,Trace,28.8,Low,F10,2026-08-31,73.376,0
10400,Tharparkar,10,1,101,1,5.25,38.35,35.53,9.27,23.8,76.7,50.1,3+,93.1,High,F01,2026-08-31,72.6498,1
10401,Gir,7,4,230,0,3.61,38.16,33.49,7.81,30.9,57.6,54.4,Negative,2.2,No_Risk,F02,2026-08-31,80.624,0
10402,Dangi,7,1,169,0,3.86,39.14,33.0,11.41,21.9,88.3,89.2,Negative,10.8,No_Risk,F03,2026-08-31,70.54249999999999,1
10403,Rathi,9,1,56,0,3.89,38.65,34.25,14.5,29.6,68.5,77.0,Negative,3.6,No_Risk,F04,2026-08-31,80.492,0
10404,Tharparkar,7,4,78,1,4.72,38.51,34.96,4.92,24.9,64.9,80.0,Trace,28.9,Low,F05,2026-08-31,73.1345,0
10405,Hariana,10,4,150,0,4.75,38.52,33.39,10.84,34.5,64.1,57.6,Negative,22.2,No_Risk,F06,2026-08-31,86.88409999999999,0
10406,Hariana,8,5,221,0,4.27,38.88,35.24,13.07,29.9,48.5,57.3,Trace,51.2,Moderate,F07,2026-08-31,77.8375,1
10407,Ongole,7,1,262,0,4.02,38.5,33.37,9.24,28.2,66.7,86.9,Negative,2.9,No_Risk,F08,2026-08-31,78.16460000000001,0
10408,Red Sindhi,5,1,54,0,4.73,38.09,34.08,7.11,33.3,74.0,87.6,Negative,8.2,No_Risk,F09,2026-08-31,87.026,0
10409,Gir,6,5,112,0,3.58,38.71,34.83,11.76,25.3,63.4,55.7,Trace,30.4,Low,F10,2026-08-31,73.5506,0
10410,Gir,7,3,226,1,4.6,39.14,34.14,13.5,25.9,73.0,52.8,2+,95.5,High,F01,2026-08-31,75.51499999999999,1
10411,Hallikar,6,3,232,0,4.75,39.0,34.94,13.17,24.6,57.6,70.4,2+,74.6,Moderate,F02,2026-08-31,71.9552,1
10412,Kangayam,5,3,178,0,4.44,38.4,35.17,11.6,26.0,66.3,60.0,Trace,17.7,No_Risk,F03,2026-08-31,74.8908,0
10413,Red Sindhi,5,5,43,0,3.8,39.04,35.27,10.79,29.2,71.8,59.7,1+,58.2,Moderate,F04,2026-08-31,80.3864,1
10414,Kankrej,6,1,23,1,3.67,38.79,33.81,7.8,30.7,70.3,53.2,1+,46.4,Low,F05,2026-08-31,82.41890000000001,0
10415,Ongole,3,5,239,0,4.3,39.03,36.08,13.1,32.4,48.7,65.0,3+,93.3,High,F06,2026-08-31,81.086,1
10416,Kankrej,4,5,39,0,3.07,38.8,34.93,12.93,22.6,62.7,54.7,Negative,5.6,No_Risk,F07,2026-08-31,69.6214,0
10417,Dangi,9,3,171,1,4.51,38.19,32.71,7.09,28.4,88.1,55.6,Trace,12.8,No_Risk,F08,2026-08-31,81.454,0
10418,Dangi,3,2,69,1,5.42,39.33,36.15,11.04,25.1,62.1,76.5,3+,97.4,High,F09,2026-08-31,73.1247,1
10419,Kankrej,3,1,196,1,5.04,38.74,33.82,12.24,28.3,68.2,71.2,1+,45.3,Low,F10,2026-08-31,78.5198,0
10420,Kankrej,8,3,115,1,3.33,38.92,34.8,13.15,37.2,67.0,79.3,Trace,47.5,Low,F01,2026-08-31,91.436,0
10421,Krishna Valley,9,2,124,0,4.23,38.13,35.01,10.28,30.0,86.8,47.3,1+,42.3,Low,F02,2026-08-31,83.9408,0
10422,Red Sindhi,9,2,269,1,4.44,38.9,34.15,7.93,32.1,83.5,72.1,2+,58.8,Moderate,F03,2026-08-31,86.8595,1
10423,Kankrej,3,4,136,0,3.27,38.99,33.46,8.99,35.9,77.7,100.0,Negative,4.4,No_Risk,F04,2026-08-31,91.8255,0
10424,Hariana,7,1,247,1,4.87,39.4,36.8,7.42,32.9,56.3,66.4,3+,98.4,High,F05,2026-08-31,83.13550000000001,1
10425,Kangayam,8,2,85,1,4.33,39.21,36.15,10.35,27.4,72.3,84.4,1+,98.5,High,F06,2026-08-31,77.719,1
10426,Kangayam,8,3,262,1,4.33,38.91,34.56,9.76,24.5,74.8,84.2,2+,72.3,Moderate,F07,2026-08-31,73.5548,1
10427,Sahiwal,5,4,205,0,4.18,38.06,34.88,16.94,28.9,59.6,85.0,Negative,3.3,No_Risk,F08,2026-08-31,78.162,0
10428,Rathi,10,1,265,0,3.69,38.65,33.9,13.18,27.0,57.6,74.5,Negative,14.7,No_Risk,F09,2026-08-31,75.2576,0
10429,Dangi,9,5,144,0,4.16,38.39,34.28,13.41,23.7,88.5,80.5,Negative,22.2,No_Risk,F10,2026-08-31,73.59049999999999,0
10430,Gir,3,3,150,1,4.26,38.8,34.29,11.91,29.8,64.4,82.5,Trace,65.9,Moderate,F01,2026-08-31,80.1576,1
10431,Hallikar,5,2,256,1,4.3,38.29,33.94,9.4,29.9,87.4,81.5,Negative,39.7,Low,F02,2026-08-31,83.86699999999999,0
10432,Umblachery,6,2,37,0,4.75,38.53,34.49,9.67,35.2,80.0,55.2,2+,66.5,Moderate,F03,2026-08-31,91.20000000000002,1
10433,Gir,4,3,59,0,4.81,38.42,33.23,9.94,27.7,72.9,46.4,Trace,13.0,No_Risk,F04,2026-08-31,78.25569999999999,0
10434,Rathi,10,2,40,0,2.99,38.41,34.0,11.06,30.0,73.4,48.7,Negative,3.9,No_Risk,F05,2026-08-31,81.85040000000001,0
10435,Hallikar,10,4,244,1,5.14,38.53,34.45,11.37,26.7,51.2,67.9,Negative,34.6,Low,F06,2026-08-31,74.0576,0
10436,Krishna Valley,10,1,27,1,5.56,38.67,35.67,9.82,32.1,70.5,80.9,3+,91.7,High,F07,2026-08-31,84.55850000000001,1
10437,Red Sindhi,8,4,119,0,5.11,38.7,33.27,9.35,28.6,85.0,55.4,Trace,51.2,Moderate,F08,2026-08-31,81.35,1
10438,Tharparkar,6,2,259,0,4.44,37.73,34.62,8.72,24.9,76.2,85.9,Negative,3.7,No_Risk,F09,2026-08-31,74.321,0
10439,Red Sindhi,10,5,106,1,3.96,37.89,34.7,6.32,29.0,69.9,64.5,Negative,16.7,No_Risk,F10,2026-08-31,79.80539999999999,0
10440,Gir,6,1,33,1,5.06,38.6,32.7,14.12,30.4,88.5,64.6,Negative,31.4,Low,F01,2026-08-31,84.88,0
10441,Gir,7,1,21,0,3.53,38.53,34.53,17.12,29.9,65.8,59.5,Negative,5.0,No_Risk,F02,2026-08-31,80.519,0
10442,Hallikar,10,3,60,0,3.88,38.67,34.9,14.1,32.7,60.6,43.7,2+,23.0,No_Risk,F03,2026-08-31,83.6498,0
10443,Hallikar,4,3,130,0,4.35,38.35,34.67,6.72,23.9,69.8,75.4,Trace,7.6,No_Risk,F04,2026-08-31,72.151,0
10444,Dangi,6,5,33,0,3.58,38.6,34.13,12.86,26.1,77.2,97.7,Negative,4.0,No_Risk,F05,2026-08-31,76.3124,0
10445,Krishna Valley,6,1,250,0,3.35,38.64,34.47,13.57,31.2,47.4,71.1,Trace,10.1,No_Risk,F06,2026-08-31,79.3232,0
10446,Dangi,4,5,103,0,4.4,38.34,34.34,9.29,26.5,71.4,44.2,1+,20.2,No_Risk,F07,2026-08-31,76.2394,0
10447,Rathi,10,3,149,1,5.86,39.07,33.6,11.01,29.8,77.7,83.7,2+,90.3,High,F08,2026-08-31,82.20580000000001,1
10448,Kankrej,4,3,250,0,4.91,38.66,34.35,9.03,21.0,64.8,47.6,1+,42.1,Low,F09,2026-08-31,67.4768,0
10449,Red Sindhi,6,1,164,1,5.11,38.91,34.33,14.81,38.0,81.3,53.9,3+,92.3,High,F10,2026-08-31,95.9868,1
10450,Hallikar,4,4,47,0,4.74,38.62,33.64,11.6,28.1,75.7,68.4,1+,28.6,Low,F01,2026-08-31,79.2509,0
10451,Deoni,6,2,85,0,4.51,39.34,37.46,7.75,33.2,93.7,73.8,3+,99.0,High,F02,2026-08-31,90.5756,1
10452,Rathi,6,3,182,0,4.39,38.81,35.42,12.51,27.8,59.0,56.9,3+,65.1,Moderate,F03,2026-08-31,76.54599999999999,1
10453,Hariana,7,3,248,0,4.68,38.43,33.28,13.68,30.5,78.0,67.8,Negative,30.8,Low,F04,2026-08-31,83.358,0
10454,Krishna Valley,3,4,280,1,3.76,39.01,35.09,11.09,34.2,55.8,82.7,1+,46.1,Low,F05,2026-08-31,84.8084,1
10455,Gir,6,4,183,1,4.78,38.15,35.37,11.94,33.1,48.6,84.8,Negative,11.3,No_Risk,F06,2026-08-31,81.9682,0
10456,Dangi,10,5,29,0,4.05,38.64,33.0,10.29,28.3,43.6,90.8,Negative,2.4,No_Risk,F07,2026-08-31,75.10040000000001,0
10457,Rathi,5,5,214,0,4.15,38.71,34.28,7.1,28.5,74.5,100.0,Negative,54.5,Moderate,F08,2026-08-31,79.7045,1
10458,Umblachery,8,2,137,1,4.35,38.77,34.43,10.04,32.5,70.2,84.1,2+,72.2,Moderate,F09,2026-08-31,85.1062,1
10459,Red Sindhi,9,2,99,0,4.44,38.48,33.18,12.07,37.2,62.3,68.7,Negative,8.8,No_Risk,F10,2026-08-31,90.36440000000002,0
10460,Hallikar,3,1,112,0,3.57,38.25,34.5,10.12,29.7,46.7,84.9,Negative,5.3,No_Risk,F01,2026-08-31,77.3051,0
10461,Gir,3,5,276,1,4.3,38.44,35.09,12.9,35.8,59.7,79.0,1+,30.9,Low,F02,2026-08-31,87.8158,0
10462,Tharparkar,3,3,152,0,3.67,38.64,35.41,9.32,28.2,68.0,79.6,1+,35.9,Low,F03,2026-08-31,78.344,0
10463,Umblachery,7,5,190,0,4.66,38.21,34.0,9.52,32.3,77.5,74.7,Negative,8.6,No_Risk,F04,2026-08-31,86.1125,0
10464,Krishna Valley,6,3,20,0,4.09,39.22,37.24,12.99,32.9,67.8,58.3,3+,99.0,High,F05,2026-08-31,85.263,1
10465,Rathi,7,4,83,1,4.35,37.8,32.55,11.17,27.6,71.0,56.6,Negative,2.3,No_Risk,F06,2026-08-31,77.852,0
10466,Ongole,6,5,140,0,3.86,38.49,34.48,9.26,26.4,63.5,70.5,Negative,7.5,No_Risk,F07,2026-08-31,75.14,0
10467,Gir,10,4,126,0,4.1,38.64,33.07,13.6,33.0,89.0,74.2,Negative,3.1,No_Risk,F08,2026-08-31,89.35400000000001,0
10468,Red Sindhi,7,2,194,1,5.7,38.9,34.67,7.62,27.1,55.8,61.8,3+,93.9,High,F09,2026-08-31,75.1666,1
10469,Sahiwal,7,2,223,0,3.3,38.28,33.78,8.32,25.9,59.6,78.4,Negative,2.4,No_Risk,F10,2026-08-31,73.97399999999999,0
10470,Deoni,8,1,184,1,5.09,39.12,35.44,3.0,26.6,62.1,100.0,1+,70.6,Moderate,F01,2026-08-31,75.2562,1
10471,Vechur,5,5,139,0,4.41,38.11,34.1,8.84,27.1,74.5,45.8,Trace,16.8,No_Risk,F02,2026-08-31,77.5415,0
10472,Umblachery,7,4,63,1,4.08,38.52,33.54,14.43,32.0,55.5,80.7,Negative,10.4,No_Risk,F03,2026-08-31,81.768,0
10473,Kankrej,8,3,175,0,5.05,38.82,33.83,4.06,30.8,69.6,71.0,1+,60.2,Moderate,F04,2026-08-31,82.45439999999999,1
10474,Vechur,4,2,226,0,4.45,38.96,36.27,7.64,31.5,70.0,78.8,3+,95.0,High,F05,2026-08-31,83.57,1
10475,Red Sindhi,5,2,127,0,3.77,38.11,34.55,11.82,30.5,59.7,65.5,Negative,5.1,No_Risk,F06,2026-08-31,80.4117,0
10476,Hariana,10,3,270,0,2.89,39.53,34.49,3.77,26.9,72.0,69.8,1+,27.5,Low,F07,2026-08-31,76.91999999999999,1
10477,Dangi,7,4,149,1,4.8,38.41,34.64,8.97,31.4,55.9,73.9,1+,31.1,Low,F08,2026-08-31,81.023,0
10478,Hariana,9,4,39,1,4.62,38.26,34.04,13.92,33.1,54.6,67.5,Trace,45.9,Low,F09,2026-08-31,83.09020000000001,0
10479,Sahiwal,3,5,20,0,3.43,38.78,34.36,16.63,31.0,69.2,49.2,Negative,17.0,No_Risk,F10,2026-08-31,82.68719999999999,0
10480,Umblachery,4,5,138,0,3.42,38.48,34.86,11.37,30.6,48.1,68.5,Negative,21.7,No_Risk,F01,2026-08-31,78.6722,0
10481,Kankrej,4,1,54,1,5.21,38.55,35.15,7.35,26.3,42.3,50.8,3+,90.6,High,F02,2026-08-31,72.47370000000001,1
10482,Ongole,10,2,217,1,3.38,38.93,33.97,7.62,29.7,74.4,81.8,Negative,26.0,Low,F03,2026-08-31,81.5432,0
10483,Sahiwal,8,5,264,0,4.3,38.07,34.18,10.93,26.1,80.6,44.0,Negative,16.9,No_Risk,F04,2026-08-31,76.7102,0
10484,Umblachery,4,4,78,0,3.98,38.0,33.76,11.34,28.9,62.4,87.4,Negative,1.0,No_Risk,F05,2026-08-31,78.568,0
10485,Kangayam,5,3,180,0,4.42,38.39,34.68,16.07,23.3,60.0,78.4,Negative,14.9,No_Risk,F06,2026-08-31,70.38,0
10486,Vechur,7,4,198,0,3.91,38.98,34.57,13.41,23.3,80.1,78.5,1+,21.7,No_Risk,F07,2026-08-31,72.16890000000001,0
10487,Sahiwal,7,2,225,0,4.29,38.41,34.22,10.75,28.3,54.3,39.5,1+,21.4,No_Risk,F08,2026-08-31,76.5877,0
10488,Vechur,9,4,31,0,3.62,39.16,34.9,9.49,27.1,51.6,67.1,Negative,39.8,Low,F09,2026-08-31,74.6332,1
10489,Gir,10,1,200,0,4.07,39.02,34.76,19.54,29.4,76.5,89.3,2+,35.6,Low,F10,2026-08-31,81.395,1
10490,Hariana,3,2,261,1,4.97,38.82,35.8,12.23,28.5,68.1,64.2,3+,96.2,High,F01,2026-08-31,78.8021,1
10491,Gir,8,3,235,0,4.2,38.72,36.15,8.49,29.1,80.8,55.8,3+,68.3,Moderate,F02,2026-08-31,81.55760000000001,1
10492,Deoni,3,1,270,0,4.35,38.7,34.5,9.83,31.1,42.3,62.4,Trace,41.1,Low,F03,2026-08-31,78.3441,0
10493,Kangayam,4,2,145,0,3.5,38.66,34.12,7.87,27.4,51.2,71.0,Negative,4.1,No_Risk,F04,2026-08-31,74.976,0
10494,Kankrej,10,3,236,0,3.72,38.47,32.92,3.29,28.2,68.2,59.2,Negative,1.6,No_Risk,F05,2026-08-31,78.3716,0
10495,Ongole,9,1,204,0,3.73,38.51,33.59,11.44,34.1,73.0,90.5,Negative,1.4,No_Risk,F06,2026-08-31,88.061,0
10496,Krishna Valley,3,1,58,0,3.92,38.23,34.1,15.85,29.0,78.2,71.0,Negative,3.7,No_Risk,F07,2026-08-31,81.0172,0
10497,Vechur,5,2,242,0,4.98,37.83,33.63,5.44,28.4,70.1,63.7,Negative,1.2,No_Risk,F08,2026-08-31,78.934,0
10498,Ongole,7,5,203,0,3.87,38.99,34.28,10.67,29.3,70.0,52.5,Negative,20.2,No_Risk,F09,2026-08-31,80.27000000000001,0
10499,Vechur,4,1,197,0,3.36,38.66,35.46,8.38,28.4,63.3,79.3,Negative,27.5,Low,F10,2026-08-31,77.982,0
10500,Red Sindhi,9,1,170,0,4.45,38.6,34.22,12.06,26.5,87.1,78.9,Trace,20.2,No_Risk,F01,2026-08-31,78.1391,0
